<?xml version="1.0" encoding="UTF-8" ?>
<XMLDB PATH="local/testcentre_ms/db" VERSION="20130920" COMMENT="XMLDB file for Moodle local/testcentre_ms"
    xmlns:xsi="http://www.w3.org/2001/XMLSchema-instance"
    xsi:noNamespaceSchemaLocation="../../../lib/xmldb/xmldb.xsd"
>
  <TABLES>
    <TABLE NAME="local_testcentre_useradmin" COMMENT="Default comment for local_testcentre_ms, please edit me">
      <FIELDS>
        <FIELD NAME="id" TYPE="int" LENGTH="10" NOTNULL="true" SEQUENCE="true"/>
        <FIELD NAME="userid" TYPE="int" LENGTH="10" NOTNULL="false" SEQUENCE="false"/>
        <FIELD NAME="name" TYPE="char" LENGTH="200" NOTNULL="false" SEQUENCE="false"/>
        <FIELD NAME="username" TYPE="char" LENGTH="100" NOTNULL="false" SEQUENCE="false"/>
        <FIELD NAME="access_level" TYPE="char" LENGTH="50" NOTNULL="false" SEQUENCE="false"/>
      </FIELDS>
      <KEYS>
        <KEY NAME="primary" TYPE="primary" FIELDS="id"/>
      </KEYS>
    </TABLE>
    <TABLE NAME="local_testcentre_std_entry" COMMENT="Default comment for the table, please edit me">
      <FIELDS>
        <FIELD NAME="id" TYPE="int" LENGTH="10" NOTNULL="true" SEQUENCE="true"/>
        <FIELD NAME="userid" TYPE="int" LENGTH="10" NOTNULL="false" SEQUENCE="false"/>
        <FIELD NAME="username" TYPE="char" LENGTH="100" NOTNULL="false" SEQUENCE="false"/>
        <FIELD NAME="examid" TYPE="int" LENGTH="10" NOTNULL="false" SEQUENCE="false"/>
        <FIELD NAME="coursename" TYPE="char" LENGTH="254" NOTNULL="false" SEQUENCE="false"/>
        <FIELD NAME="machine_no" TYPE="int" LENGTH="5" NOTNULL="false" SEQUENCE="false"/>
        <FIELD NAME="time_signed" TYPE="int" LENGTH="10" NOTNULL="false" SEQUENCE="false"/>
        <FIELD NAME="comments" TYPE="text" NOTNULL="false" SEQUENCE="false"/>
        <FIELD NAME="id_type" TYPE="char" LENGTH="255" NOTNULL="false" SEQUENCE="false"/>
        <FIELD NAME="deleted" TYPE="int" LENGTH="1" NOTNULL="false" DEFAULT="0" SEQUENCE="false"/>
      </FIELDS>
      <KEYS>
        <KEY NAME="primary" TYPE="primary" FIELDS="id"/>
      </KEYS>
    </TABLE>
    <TABLE NAME="local_testcentre_exam_pass" COMMENT="Default comment for the table, please edit me">
      <FIELDS>
        <FIELD NAME="id" TYPE="int" LENGTH="10" NOTNULL="true" SEQUENCE="true"/>
        <FIELD NAME="courseid" TYPE="int" LENGTH="10" NOTNULL="false" SEQUENCE="false"/>
        <FIELD NAME="coursename" TYPE="char" LENGTH="254" NOTNULL="false" SEQUENCE="false"/>
        <FIELD NAME="examid" TYPE="int" LENGTH="10" NOTNULL="false" SEQUENCE="false"/>
        <FIELD NAME="examname" TYPE="char" LENGTH="255" NOTNULL="false" SEQUENCE="false"/>
        <FIELD NAME="opening_date" TYPE="int" LENGTH="10" NOTNULL="false" SEQUENCE="false"/>
        <FIELD NAME="closing_date" TYPE="int" LENGTH="10" NOTNULL="false" SEQUENCE="false"/>
        <FIELD NAME="password" TYPE="char" LENGTH="100" NOTNULL="false" SEQUENCE="false"/>
        <FIELD NAME="notes" TYPE="text" NOTNULL="false" SEQUENCE="false"/>
        <FIELD NAME="deleted" TYPE="int" LENGTH="1" NOTNULL="false" DEFAULT="0" SEQUENCE="false"/>
      </FIELDS>
      <KEYS>
        <KEY NAME="primary" TYPE="primary" FIELDS="id"/>
      </KEYS>
    </TABLE>
  </TABLES>
</XMLDB>