<?xml version="1.0" encoding="UTF-8" ?>
  <XMLDB PATH="blocks/latestgrades/db" VERSION="20130522" COMMENT="XMLDB file for Moodle blocks/latestgrades">
    <TABLES>
      <TABLE NAME="block_latestgrades" COMMENT="Default comment for block_latestgrades, please edit me">
        <FIELDS>
          <FIELD NAME="id" TYPE="int" LENGTH="10" NOTNULL="true" SEQUENCE="true" />
        </FIELDS>
        <KEYS>
          <KEY NAME="primary" TYPE="primary" FIELDS="id" />
        </KEYS>
      </TABLE>
    </TABLES>
  </XMLDB>